{
    "dc_per_class_pp_all": {
        "1": 0.39727873425301224,
        "2": 0.5247660634700916
    },
    "dc_per_class_pp_per_class": {
        "1": 0.6788779645786046,
        "2": 0.7677634919101675
    },
    "dc_per_class_raw": {
        "1": 0.6788800082658034,
        "2": 0.7717180408060131
    },
    "for_which_classes": [],
    "min_valid_object_sizes": "None",
    "num_samples": 30,
    "validation_final": "validation_raw_postprocessed",
    "validation_raw": "validation_raw"
}