{
    "dc_per_class_pp_all": {
        "1": 0.3537821216181556,
        "2": 0.5669425895043411
    },
    "dc_per_class_pp_per_class": {
        "1": 0.6565449016036449,
        "2": 0.7176575542714722
    },
    "dc_per_class_raw": {
        "1": 0.6565442647895818,
        "2": 0.7850981251333833
    },
    "for_which_classes": [
        1
    ],
    "min_valid_object_sizes": "None",
    "num_samples": 30,
    "validation_final": "validation_raw_postprocessed",
    "validation_raw": "validation_raw"
}